id,pass_number
7109c459-9f9f-4ae5-a6bf-c706dadf058c,NRGP-OUT-20260804-0001
d87e2f3c-694a-496b-9bf1-4bc4b75040bc,RGP-OUT-20260804-0001
3ed45383-4867-490c-a744-323e6a600a2f,RGP-OUT-20260804-0002
de09da87-6d70-4327-b77e-34102a0733ec,RGP-OUT-20260805-0001
1ffb5153-605c-45e7-994b-da13e5a408eb,NRGP-OUT-20260805-0001
439e2019-346f-4499-8df2-86a4a3489704,RGP-OUT-20260805-0002
2356d309-66ad-4140-97d6-932b1feea6d6,RGP-OUT-20260805-0003
5f6a97d4-3159-4d29-85d1-00b7fced9a89,NRGP-OUT-20260805-0002
67f5db76-b4d0-4929-9a68-2f8f61b6caf1,RGP-OUT-20260805-0004
ce4dfd07-1eb5-49e1-a089-7f0bf01b9f81,RGP-OUT-20260806-0001
22dc8928-e40a-4904-a1f4-c4120793b714,RGP-OUT-20260808-0001
41edbb6d-5954-4958-a337-1c9a1a30ea58,RGP-OUT-20260808-0002
234ca8d1-2b4b-4e7a-8c28-45043e8e05ec,NRGP-OUT-20260808-0001
24b3e97e-38ae-44a6-a310-5d6ec722dc2e,NRGP-OUT-20260808-0002
5a6dd828-8838-4f63-bcd3-8bc4c64dead3,RGP-OUT-20260808-0003
7f3b61d5-62f5-4d5c-9b6f-31872e25fb57,RGP-OUT-20260808-0004
0b282415-3f7a-4788-bcd9-08b1fb112bed,RGP-OUT-20260808-0005
d9cbeaf1-877d-4521-9268-925ee72f2b37,NRGP-OUT-20260808-0003
0506125b-5fa8-4495-9803-0b3a0c49554c,RGP-OUT-20260808-0006
1d4ab8fc-c25f-47b3-b610-d1b5b073f963,RGP-OUT-20260809-0001
ce1e8473-a727-46ff-8d05-80fa674a3daa,RGP-OUT-20260810-0001
a0219a77-0754-4b4e-a089-4577ba84c906,NRGP-OUT-20260810-0001
0e690371-4800-4fb7-87d4-babc917b1dfb,RGP-OUT-20260810-0002
5a45c35b-65b7-4f48-a64f-5cfced419454,RGP-OUT-20260810-0003
645f7f0d-b082-44ac-87e6-138478228cff,RGP-OUT-20260811-0001
0159713b-785f-472c-931a-37e7ddd36a6a,RGP-OUT-20260811-0002
46326130-08cd-4292-b21c-0d60d1383da3,NRGP-OUT-20260811-0001
9b773aae-c53d-4f97-bad8-1f55f59aa20f,RGP-OUT-20260811-0003
cab132d1-9bf8-42a4-b13d-750f16a2ef3c,NRGP-OUT-20260811-0002
3f84c50f-4d1a-486e-88ff-5bae39d4efd8,RGP-OUT-20260811-0004
67997dba-8390-40fe-9ec2-7f0b6a8382ba,RGP-OUT-20260811-0005
e8f039c0-ca7d-48e7-9d33-e3c6b7299309,NRGP-OUT-20260811-0003
43b3410d-d4aa-4b12-9408-15c46928a871,RGP-OUT-20260811-0006
145caf0d-8dd5-4afe-967d-9945f6174d32,RGP-OUT-20260811-0007
abec2342-f36d-4bb4-b9cb-6899115d5bd0,NRGP-OUT-20260811-0004
53b89150-b4a7-4dec-918e-d31c1da2112a,RGP-OUT-20260811-0008
f65f8a91-b219-4cec-8d2a-c51374f0b9fb,RGP-OUT-20260817-0001
e57f7ff5-b1fc-42d9-be35-4c447570223a,NRGP-OUT-20260817-0001
6ed27a73-2bb4-48f3-9c2f-4e6a7a635079,RGP-OUT-20260817-0002
6a8a4a8c-567d-4edd-9654-ef98a7d57651,RGP-OUT-20260817-0003
47aceb18-324f-4b53-b303-e8c401e2d565,RGP-OUT-20260817-0004
0e719f71-3aba-4f47-bfb6-29f9ad93bd7a,RGP-OUT-20260817-0005
d77d6878-0996-4fac-8f9b-cf73e5b41947,RGP-OUT-20260817-0006
aba047a0-f355-4dcb-948d-be6fb9f66bb3,RGP-OUT-20260817-0007
1f482d56-ee99-40c3-bd2b-fc9a2f16680f,NRGP-OUT-20260817-0002
0807b0e8-cdac-4402-bc64-f8839fb92585,RGP-OUT-20260817-0008
6ac44143-3903-4d1b-924b-b679457ff1f1,RGP-OUT-20260818-0001
179c2828-9c59-4129-b6c6-cee8d55d48d1,RGP-OUT-20260818-0002
809219c3-0648-41f9-8569-b4a36fd43e34,NRGP-OUT-20260818-0001
524ce9fb-c4c8-43ed-9e45-298a7d1e3b84,RGP-20260818-0001
2db4c0f8-23fd-4ae5-a193-52d88538139f,RGP-20260818-0002
d385659d-2311-4b1b-9db8-0da25cccedf6,RGP-20260818-0003
bb336106-307f-48db-9479-54e5059a935d,RGP-20260818-0004
22738f05-8002-4089-ac49-315bbc4570f5,NRGP-20260818-0001
cb668927-cdb5-4506-9414-a075e1089f1e,RGP-20260819-0001
e5f434e3-d065-4713-90a4-65c7fbe0ff68,RGP-20260819-0002
bf5af117-15fd-4267-b013-a1271f427e44,RGP-20260819-0003
6db76fc0-558d-4ce6-b4ff-8873f66c54d2,NRGP-20260819-0001
c444eba0-b3f8-4f00-935c-b54f662ae215,RGP-20260819-0004
1f4d59a0-d27e-417c-8f77-43b43f64d36c,RGP-20260819-0005
cd5802aa-151a-42b2-bdd3-0241b5a4d314,NRGP-20260819-0002
0d728ee0-a725-4d8f-a1a2-60d72d749684,RGP-20260819-0006
e16b2235-9994-41b7-a350-fd149c1f416e,RGP-20260819-0007
d647f1e4-fcfb-4048-a1e7-f9eb0fbefaf8,RGP-20260820-0001
cf9500b1-9488-4959-a27c-e1d11739e0cb,RGP-20260820-0002
566ef08d-2380-4be2-804a-df7c10776110,RGP-20260820-0003
efa1a1d7-c031-44dc-938d-8dac26cf9676,NRGP-20260820-0001
97bb6901-0b67-4046-9c2d-5847bb420322,RGP-20260820-0004
8214e84d-6df3-4014-b646-75aec4939270,RGP-20260820-0005
c61d3f6e-ab9f-4695-9c68-144607a2e9a0,RGP-20260820-0006
834d85e4-6dbb-4c3e-82d5-fb775fc33e94,RGP-20260821-0001
616edb38-df4a-4b0f-aa4a-cde11ba86021,NRGP-20260821-0001
e4824245-1386-45af-8577-0a9969625e85,NRGP-20260821-0002
f2c59d8c-6699-4ebd-9119-58e95324da5c,RGP-20260822-0001
871219bf-6bf6-48b8-9c5a-1876dd90560d,NRGP-20260822-0001
401d85fc-6fca-4a0e-aabe-d9f44fe5a3ce,RGP-20260822-0002
